{'index': 0, 'name': 'Share-MOEX', 'unit_price': 40.6, 'pourcent': 16.69}
{'index': 1, 'name': 'Share-GBGY', 'unit_price': 27.08, 'pourcent': 34.09}
{'index': 2, 'name': 'Share-FJTI', 'unit_price': 33.5, 'pourcent': 20.81}
{'index': 3, 'name': 'Share-LGDP', 'unit_price': 15.26, 'pourcent': 3.4}
{'index': 4, 'name': 'Share-GEBJ', 'unit_price': 5.87, 'pourcent': 37.95}
{'index': 5, 'name': 'Share-GGNT', 'unit_price': 33.39, 'pourcent': 7.88}
{'index': 6, 'name': 'Share-TNOV', 'unit_price': 34.54, 'pourcent': 22.32}
{'index': 7, 'name': 'Share-CKCJ', 'unit_price': 25.49, 'pourcent': 10.37}
{'index': 8, 'name': 'Share-FUDY', 'unit_price': 7.03, 'pourcent': 19.96}
{'index': 9, 'name': 'Share-UZLL', 'unit_price': 16.66, 'pourcent': 19.4}
{'index': 10, 'name': 'Share-EMFC', 'unit_price': 32.38, 'pourcent': 30.46}
{'index': 11, 'name': 'Share-IZKC', 'unit_price': 40.45, 'pourcent': 0.8}
{'index': 12, 'name': 'Share-PWAT', 'unit_price': 24.36, 'pourcent': 9.64}
{'index': 13, 'name': 'Share-NWWZ', 'unit_price': 45.76, 'pourcent': 4.76}
{'index': 14, 'name': 'Share-AJGB', 'unit_price': 28.6, 'pourcent': 36.45}
{'index': 15, 'name': 'Share-SAPZ', 'unit_price': 22.52, 'pourcent': 11.93}
{'index': 16, 'name': 'Share-MNSA', 'unit_price': 44.49, 'pourcent': 22.76}
{'index': 17, 'name': 'Share-HATC', 'unit_price': 43.45, 'pourcent': 34.14}
{'index': 18, 'name': 'Share-QUIN', 'unit_price': 30.69, 'pourcent': 10.17}
{'index': 19, 'name': 'Share-CZFA', 'unit_price': 38.63, 'pourcent': 16.72}
{'index': 20, 'name': 'Share-GMHT', 'unit_price': 40.95, 'pourcent': 31.02}
{'index': 21, 'name': 'Share-GDNK', 'unit_price': 38.36, 'pourcent': 16.88}
{'index': 22, 'name': 'Share-TFWQ', 'unit_price': 25.49, 'pourcent': 17.62}
{'index': 23, 'name': 'Share-MHUQ', 'unit_price': 29.91, 'pourcent': 37.89}
{'index': 24, 'name': 'Share-PZAR', 'unit_price': 33.75, 'pourcent': 23.1}
{'index': 25, 'name': 'Share-QBGQ', 'unit_price': 19.63, 'pourcent': 25.52}
{'index': 26, 'name': 'Share-HPRB', 'unit_price': 33.43, 'pourcent': 32.43}
{'index': 27, 'name': 'Share-ENZZ', 'unit_price': 37.24, 'pourcent': 38.19}
{'index': 28, 'name': 'Share-OLFJ', 'unit_price': 43.8, 'pourcent': 28.11}
{'index': 29, 'name': 'Share-SJWC', 'unit_price': 31.98, 'pourcent': 1.77}
{'index': 30, 'name': 'Share-CGSX', 'unit_price': 32.29, 'pourcent': 30.11}
{'index': 31, 'name': 'Share-PSOJ', 'unit_price': 16.49, 'pourcent': 3.82}
{'index': 32, 'name': 'Share-WERP', 'unit_price': 24.67, 'pourcent': 35.15}
{'index': 33, 'name': 'Share-LRIX', 'unit_price': 9.94, 'pourcent': 9.25}
{'index': 34, 'name': 'Share-XHEE', 'unit_price': 23.46, 'pourcent': 22.49}
{'index': 35, 'name': 'Share-BOSL', 'unit_price': 41.4, 'pourcent': 10.68}
{'index': 36, 'name': 'Share-DEHD', 'unit_price': 30.97, 'pourcent': 13.34}
{'index': 37, 'name': 'Share-IOLP', 'unit_price': 19.28, 'pourcent': 11.24}
{'index': 38, 'name': 'Share-HOJS', 'unit_price': 34.19, 'pourcent': 8.58}
{'index': 39, 'name': 'Share-ZIJI', 'unit_price': 42.07, 'pourcent': 30.83}
{'index': 40, 'name': 'Share-YCGH', 'unit_price': 24.45, 'pourcent': 38.59}
{'index': 41, 'name': 'Share-ROOM', 'unit_price': 15.06, 'pourcent': 39.23}
{'index': 42, 'name': 'Share-MIHK', 'unit_price': 16.76, 'pourcent': 22.48}
{'index': 43, 'name': 'Share-ZZKC', 'unit_price': 17.92, 'pourcent': 28.33}
{'index': 44, 'name': 'Share-GDZR', 'unit_price': 25.11, 'pourcent': 26.67}
{'index': 45, 'name': 'Share-BLOZ', 'unit_price': 18.48, 'pourcent': 20.11}
{'index': 46, 'name': 'Share-XBET', 'unit_price': 26.57, 'pourcent': 11.3}
{'index': 47, 'name': 'Share-GWZB', 'unit_price': 14.73, 'pourcent': 24.83}
{'index': 48, 'name': 'Share-MJLJ', 'unit_price': 25.22, 'pourcent': 32.46}
{'index': 49, 'name': 'Share-PUWX', 'unit_price': 32.05, 'pourcent': 2.19}
{'index': 50, 'name': 'Share-FFZA', 'unit_price': 4.57, 'pourcent': 34.5}
{'index': 51, 'name': 'Share-MZYQ', 'unit_price': 38.88, 'pourcent': 15.02}
{'index': 52, 'name': 'Share-LOMC', 'unit_price': 30.82, 'pourcent': 1.87}
{'index': 53, 'name': 'Share-QWTM', 'unit_price': 31.88, 'pourcent': 1.41}
{'index': 54, 'name': 'Share-KLNI', 'unit_price': 49.68, 'pourcent': 3.12}
{'index': 55, 'name': 'Share-IWYJ', 'unit_price': 28.61, 'pourcent': 29.58}
{'index': 56, 'name': 'Share-XYUA', 'unit_price': 24.2, 'pourcent': 16.15}
{'index': 57, 'name': 'Share-OAVO', 'unit_price': 24.38, 'pourcent': 38.66}
{'index': 58, 'name': 'Share-SEHV', 'unit_price': 34.6, 'pourcent': 7.55}
{'index': 59, 'name': 'Share-UBWD', 'unit_price': 26.4, 'pourcent': 35.05}
{'index': 60, 'name': 'Share-EBJX', 'unit_price': 34.76, 'pourcent': 35.75}
{'index': 61, 'name': 'Share-BUAC', 'unit_price': 14.38, 'pourcent': 12.7}
{'index': 62, 'name': 'Share-XQII', 'unit_price': 13.42, 'pourcent': 39.51}
{'index': 63, 'name': 'Share-XAIO', 'unit_price': 31.75, 'pourcent': 32.79}
{'index': 64, 'name': 'Share-YHFO', 'unit_price': 15.18, 'pourcent': 20.6}
{'index': 65, 'name': 'Share-KNRV', 'unit_price': 5.85, 'pourcent': 4.45}
{'index': 66, 'name': 'Share-UYMS', 'unit_price': 24.78, 'pourcent': 7.08}
{'index': 67, 'name': 'Share-ZNVI', 'unit_price': 22.91, 'pourcent': 18.8}
{'index': 68, 'name': 'Share-BMHD', 'unit_price': 4.85, 'pourcent': 38.29}
{'index': 69, 'name': 'Share-YWCY', 'unit_price': 43.03, 'pourcent': 22.51}
{'index': 70, 'name': 'Share-GHIS', 'unit_price': 22.48, 'pourcent': 35.15}
{'index': 71, 'name': 'Share-BUGW', 'unit_price': 16.09, 'pourcent': 8.41}
{'index': 72, 'name': 'Share-KGJS', 'unit_price': 20.09, 'pourcent': 12.89}
{'index': 73, 'name': 'Share-HGSA', 'unit_price': 28.15, 'pourcent': 34.04}
{'index': 74, 'name': 'Share-GJHJ', 'unit_price': 38.56, 'pourcent': 14.7}
{'index': 75, 'name': 'Share-IADB', 'unit_price': 30.62, 'pourcent': 2.31}
{'index': 76, 'name': 'Share-DYVD', 'unit_price': 0.28, 'pourcent': 10.25}
{'index': 77, 'name': 'Share-XXGR', 'unit_price': 22.63, 'pourcent': 16.91}
{'index': 78, 'name': 'Share-RHIE', 'unit_price': 37.8, 'pourcent': 14.57}
{'index': 79, 'name': 'Share-ERXT', 'unit_price': 23.33, 'pourcent': 25.49}
{'index': 80, 'name': 'Share-LUNI', 'unit_price': 27.4, 'pourcent': 28.93}
{'index': 81, 'name': 'Share-EVZE', 'unit_price': 36.15, 'pourcent': 7.9}
{'index': 82, 'name': 'Share-YIFQ', 'unit_price': 15.85, 'pourcent': 34.64}
{'index': 83, 'name': 'Share-ERQY', 'unit_price': 17.3, 'pourcent': 0.71}
{'index': 84, 'name': 'Share-UJHM', 'unit_price': 18.19, 'pourcent': 20.96}
{'index': 85, 'name': 'Share-QBQM', 'unit_price': 39.76, 'pourcent': 5.1}
{'index': 86, 'name': 'Share-RYPH', 'unit_price': 43.47, 'pourcent': 2.19}
{'index': 87, 'name': 'Share-PLKN', 'unit_price': 28.24, 'pourcent': 30.97}
{'index': 88, 'name': 'Share-RURD', 'unit_price': 31.36, 'pourcent': 8.98}
{'index': 89, 'name': 'Share-MDLX', 'unit_price': 46.12, 'pourcent': 24.06}
{'index': 90, 'name': 'Share-IRSP', 'unit_price': 33.68, 'pourcent': 11.49}
{'index': 91, 'name': 'Share-XYMR', 'unit_price': 14.49, 'pourcent': 35.3}
{'index': 92, 'name': 'Share-MZYO', 'unit_price': 31.68, 'pourcent': 31.59}
{'index': 93, 'name': 'Share-DDLU', 'unit_price': 18.94, 'pourcent': 36.42}
{'index': 94, 'name': 'Share-GPGJ', 'unit_price': 23.39, 'pourcent': 21.54}
{'index': 95, 'name': 'Share-OSAQ', 'unit_price': 26.78, 'pourcent': 37.22}
{'index': 96, 'name': 'Share-SNYR', 'unit_price': 16.44, 'pourcent': 4.49}
{'index': 97, 'name': 'Share-PVAU', 'unit_price': 43.11, 'pourcent': 30.85}
{'index': 98, 'name': 'Share-PACD', 'unit_price': 24.19, 'pourcent': 12.97}
{'index': 99, 'name': 'Share-HQTP', 'unit_price': 23.49, 'pourcent': 6.73}
{'index': 100, 'name': 'Share-UPCV', 'unit_price': 32.45, 'pourcent': 38.9}
{'index': 101, 'name': 'Share-TBEA', 'unit_price': 6.85, 'pourcent': 3.71}
{'index': 102, 'name': 'Share-QWMB', 'unit_price': 21.45, 'pourcent': 15.82}
{'index': 103, 'name': 'Share-FSGV', 'unit_price': 16.41, 'pourcent': 22.64}
{'index': 104, 'name': 'Share-CREF', 'unit_price': 18.65, 'pourcent': 11.41}
{'index': 105, 'name': 'Share-RWJV', 'unit_price': 29.66, 'pourcent': 13.61}
{'index': 106, 'name': 'Share-XTJO', 'unit_price': 14.06, 'pourcent': 4.56}
{'index': 107, 'name': 'Share-PQXE', 'unit_price': 31.45, 'pourcent': 7.0}
{'index': 108, 'name': 'Share-RNSZ', 'unit_price': 28.16, 'pourcent': 8.96}
{'index': 109, 'name': 'Share-KPST', 'unit_price': 19.88, 'pourcent': 4.47}
{'index': 110, 'name': 'Share-UOPO', 'unit_price': 21.9, 'pourcent': 6.11}
{'index': 111, 'name': 'Share-SHKO', 'unit_price': 19.14, 'pourcent': 19.71}
{'index': 112, 'name': 'Share-BOGI', 'unit_price': 8.12, 'pourcent': 9.59}
{'index': 113, 'name': 'Share-IFCZ', 'unit_price': 35.97, 'pourcent': 36.97}
{'index': 114, 'name': 'Share-ZTKH', 'unit_price': 25.18, 'pourcent': 25.6}
{'index': 115, 'name': 'Share-MXLA', 'unit_price': 36.24, 'pourcent': 22.58}
{'index': 116, 'name': 'Share-VWRL', 'unit_price': 14.74, 'pourcent': 3.04}
{'index': 117, 'name': 'Share-BPWV', 'unit_price': 19.59, 'pourcent': 22.62}
{'index': 118, 'name': 'Share-DWSK', 'unit_price': 29.49, 'pourcent': 39.35}
{'index': 119, 'name': 'Share-ZFSS', 'unit_price': 42.55, 'pourcent': 25.23}
{'index': 120, 'name': 'Share-PNLH', 'unit_price': 36.64, 'pourcent': 4.51}
{'index': 121, 'name': 'Share-BYAC', 'unit_price': 9.16, 'pourcent': 13.42}
{'index': 122, 'name': 'Share-MCJD', 'unit_price': 29.98, 'pourcent': 23.25}
{'index': 123, 'name': 'Share-DBYP', 'unit_price': 26.7, 'pourcent': 0.5}
{'index': 124, 'name': 'Share-ZMEM', 'unit_price': 17.45, 'pourcent': 22.94}
{'index': 125, 'name': 'Share-GSQW', 'unit_price': 20.0, 'pourcent': 10.74}
{'index': 126, 'name': 'Share-DSRB', 'unit_price': 23.63, 'pourcent': 15.37}
{'index': 127, 'name': 'Share-FBUF', 'unit_price': 19.82, 'pourcent': 20.24}
{'index': 128, 'name': 'Share-FCSH', 'unit_price': 33.12, 'pourcent': 5.95}
{'index': 129, 'name': 'Share-LFXB', 'unit_price': 14.83, 'pourcent': 39.79}
{'index': 130, 'name': 'Share-LKDU', 'unit_price': 30.25, 'pourcent': 30.64}
{'index': 131, 'name': 'Share-JYGH', 'unit_price': 30.01, 'pourcent': 30.66}
{'index': 132, 'name': 'Share-TOUF', 'unit_price': 29.21, 'pourcent': 22.65}
{'index': 133, 'name': 'Share-WBUC', 'unit_price': 19.68, 'pourcent': 24.55}
{'index': 134, 'name': 'Share-DMWH', 'unit_price': 32.02, 'pourcent': 32.63}
{'index': 135, 'name': 'Share-VCAX', 'unit_price': 27.42, 'pourcent': 38.99}
{'index': 136, 'name': 'Share-VEES', 'unit_price': 21.46, 'pourcent': 10.87}
{'index': 137, 'name': 'Share-ZJJY', 'unit_price': 34.89, 'pourcent': 7.99}
{'index': 138, 'name': 'Share-LQEZ', 'unit_price': 34.46, 'pourcent': 23.18}
{'index': 139, 'name': 'Share-VKDR', 'unit_price': 33.89, 'pourcent': 0.7}
{'index': 140, 'name': 'Share-FFLH', 'unit_price': 19.47, 'pourcent': 6.15}
{'index': 141, 'name': 'Share-FIUH', 'unit_price': 20.07, 'pourcent': 2.63}
{'index': 142, 'name': 'Share-MIWG', 'unit_price': 14.98, 'pourcent': 14.55}
{'index': 143, 'name': 'Share-TWII', 'unit_price': 42.89, 'pourcent': 16.87}
{'index': 144, 'name': 'Share-IKGL', 'unit_price': 15.37, 'pourcent': 4.75}
{'index': 145, 'name': 'Share-OKKJ', 'unit_price': 34.17, 'pourcent': 7.16}
{'index': 146, 'name': 'Share-NGXI', 'unit_price': 25.12, 'pourcent': 4.54}
{'index': 147, 'name': 'Share-ZBMB', 'unit_price': 30.24, 'pourcent': 14.47}
{'index': 148, 'name': 'Share-BINC', 'unit_price': 28.28, 'pourcent': 23.62}
{'index': 149, 'name': 'Share-TXUW', 'unit_price': 13.95, 'pourcent': 26.45}
{'index': 150, 'name': 'Share-RBCS', 'unit_price': 9.4, 'pourcent': 30.1}
{'index': 151, 'name': 'Share-EKVH', 'unit_price': 11.02, 'pourcent': 20.13}
{'index': 152, 'name': 'Share-HLSI', 'unit_price': 16.7, 'pourcent': 7.74}
{'index': 153, 'name': 'Share-LIWC', 'unit_price': 25.44, 'pourcent': 4.84}
{'index': 154, 'name': 'Share-TBCG', 'unit_price': 30.47, 'pourcent': 5.04}
{'index': 155, 'name': 'Share-RXRT', 'unit_price': 26.12, 'pourcent': 27.09}
{'index': 156, 'name': 'Share-VQQX', 'unit_price': 9.62, 'pourcent': 37.78}
{'index': 157, 'name': 'Share-QVOY', 'unit_price': 17.28, 'pourcent': 11.33}
{'index': 158, 'name': 'Share-TGPO', 'unit_price': 14.38, 'pourcent': 35.25}
{'index': 159, 'name': 'Share-ULMZ', 'unit_price': 33.81, 'pourcent': 7.78}
{'index': 160, 'name': 'Share-SACC', 'unit_price': 33.01, 'pourcent': 8.71}
{'index': 161, 'name': 'Share-NILH', 'unit_price': 33.32, 'pourcent': 35.94}
{'index': 162, 'name': 'Share-TDDN', 'unit_price': 20.42, 'pourcent': 11.43}
{'index': 163, 'name': 'Share-AELM', 'unit_price': 25.51, 'pourcent': 25.43}
{'index': 164, 'name': 'Share-FFLB', 'unit_price': 26.59, 'pourcent': 19.17}
{'index': 165, 'name': 'Share-ZHJB', 'unit_price': 23.06, 'pourcent': 3.15}
{'index': 166, 'name': 'Share-LBVL', 'unit_price': 17.09, 'pourcent': 26.3}
{'index': 167, 'name': 'Share-ZZJX', 'unit_price': 23.26, 'pourcent': 36.19}
{'index': 168, 'name': 'Share-OQIM', 'unit_price': 29.75, 'pourcent': 31.2}
{'index': 169, 'name': 'Share-FELN', 'unit_price': 35.45, 'pourcent': 8.58}
{'index': 170, 'name': 'Share-IJOA', 'unit_price': 29.73, 'pourcent': 26.58}
{'index': 171, 'name': 'Share-SFQC', 'unit_price': 36.53, 'pourcent': 38.92}
{'index': 172, 'name': 'Share-FXQO', 'unit_price': 33.71, 'pourcent': 12.83}
{'index': 173, 'name': 'Share-DXMK', 'unit_price': 17.72, 'pourcent': 21.43}
{'index': 174, 'name': 'Share-YNBV', 'unit_price': 9.36, 'pourcent': 11.26}
{'index': 175, 'name': 'Share-WPUY', 'unit_price': 35.63, 'pourcent': 3.91}
{'index': 176, 'name': 'Share-BWED', 'unit_price': 24.3, 'pourcent': 38.52}
{'index': 177, 'name': 'Share-FFES', 'unit_price': 17.95, 'pourcent': 27.55}
{'index': 178, 'name': 'Share-WAPQ', 'unit_price': 25.97, 'pourcent': 27.06}
{'index': 179, 'name': 'Share-IJFT', 'unit_price': 40.91, 'pourcent': 38.89}
{'index': 180, 'name': 'Share-ZKSN', 'unit_price': 22.83, 'pourcent': 38.63}
{'index': 181, 'name': 'Share-RQHA', 'unit_price': 13.78, 'pourcent': 3.77}
{'index': 182, 'name': 'Share-JTPQ', 'unit_price': 23.51, 'pourcent': 2.79}
{'index': 183, 'name': 'Share-IWTG', 'unit_price': 11.75, 'pourcent': 35.05}
{'index': 184, 'name': 'Share-UTYJ', 'unit_price': 9.38, 'pourcent': 8.02}
{'index': 185, 'name': 'Share-OLJH', 'unit_price': 20.23, 'pourcent': 5.43}
{'index': 186, 'name': 'Share-QRVC', 'unit_price': 28.67, 'pourcent': 23.16}
{'index': 187, 'name': 'Share-CFHP', 'unit_price': 33.9, 'pourcent': 27.75}
{'index': 188, 'name': 'Share-FAPS', 'unit_price': 32.57, 'pourcent': 39.54}
{'index': 189, 'name': 'Share-JRJR', 'unit_price': 36.77, 'pourcent': 32.57}
{'index': 190, 'name': 'Share-YYXG', 'unit_price': 19.45, 'pourcent': 34.09}
{'index': 191, 'name': 'Share-DSOO', 'unit_price': 1.49, 'pourcent': 12.11}
{'index': 192, 'name': 'Share-BIJV', 'unit_price': 18.05, 'pourcent': 37.44}
{'index': 193, 'name': 'Share-JEWG', 'unit_price': 29.24, 'pourcent': 12.79}
{'index': 194, 'name': 'Share-QODF', 'unit_price': 30.91, 'pourcent': 26.77}
{'index': 195, 'name': 'Share-WPRY', 'unit_price': 6.46, 'pourcent': 10.71}
{'index': 196, 'name': 'Share-MSRD', 'unit_price': 41.52, 'pourcent': 0.61}
{'index': 197, 'name': 'Share-XPMP', 'unit_price': 36.14, 'pourcent': 27.26}
{'index': 198, 'name': 'Share-KGMP', 'unit_price': 32.57, 'pourcent': 37.77}
{'index': 199, 'name': 'Share-OFQO', 'unit_price': 22.91, 'pourcent': 34.94}
{'index': 200, 'name': 'Share-TUCI', 'unit_price': 23.94, 'pourcent': 20.01}
{'index': 201, 'name': 'Share-OCKK', 'unit_price': 3.16, 'pourcent': 36.39}
{'index': 202, 'name': 'Share-DLNE', 'unit_price': 44.06, 'pourcent': 36.74}
{'index': 203, 'name': 'Share-JAWY', 'unit_price': 31.0, 'pourcent': 8.0}
{'index': 204, 'name': 'Share-RMKL', 'unit_price': 17.16, 'pourcent': 14.01}
{'index': 205, 'name': 'Share-ZHDR', 'unit_price': 4.22, 'pourcent': 3.68}
{'index': 206, 'name': 'Share-GRVG', 'unit_price': 7.13, 'pourcent': 24.38}
{'index': 207, 'name': 'Share-BPPA', 'unit_price': 3.97, 'pourcent': 14.73}
{'index': 208, 'name': 'Share-HDJP', 'unit_price': 29.36, 'pourcent': 12.83}
{'index': 209, 'name': 'Share-DYFQ', 'unit_price': 31.8, 'pourcent': 22.62}
{'index': 210, 'name': 'Share-XEFZ', 'unit_price': 41.35, 'pourcent': 31.26}
{'index': 211, 'name': 'Share-YUAW', 'unit_price': 32.12, 'pourcent': 10.26}
{'index': 212, 'name': 'Share-DJZF', 'unit_price': 34.37, 'pourcent': 36.63}
{'index': 213, 'name': 'Share-WWYR', 'unit_price': 19.78, 'pourcent': 7.12}
{'index': 214, 'name': 'Share-JGTW', 'unit_price': 35.29, 'pourcent': 39.43}
{'index': 215, 'name': 'Share-FPKK', 'unit_price': 10.23, 'pourcent': 11.27}
{'index': 216, 'name': 'Share-TGDY', 'unit_price': 21.98, 'pourcent': 37.52}
{'index': 217, 'name': 'Share-XLUL', 'unit_price': 35.16, 'pourcent': 33.36}
{'index': 218, 'name': 'Share-FRMR', 'unit_price': 18.72, 'pourcent': 25.46}
{'index': 219, 'name': 'Share-CBVX', 'unit_price': 43.33, 'pourcent': 18.25}
{'index': 220, 'name': 'Share-FWMI', 'unit_price': 24.34, 'pourcent': 23.41}
{'index': 221, 'name': 'Share-GBUK', 'unit_price': 25.36, 'pourcent': 17.82}
{'index': 222, 'name': 'Share-BBNF', 'unit_price': 3.29, 'pourcent': 28.48}
{'index': 223, 'name': 'Share-FNTB', 'unit_price': 39.06, 'pourcent': 12.24}
{'index': 224, 'name': 'Share-ROAL', 'unit_price': 21.08, 'pourcent': 13.19}
{'index': 225, 'name': 'Share-DVGV', 'unit_price': 27.55, 'pourcent': 1.69}
{'index': 226, 'name': 'Share-AROQ', 'unit_price': 37.11, 'pourcent': 2.09}
{'index': 227, 'name': 'Share-OWMP', 'unit_price': 9.43, 'pourcent': 23.39}
{'index': 228, 'name': 'Share-CFDA', 'unit_price': 21.7, 'pourcent': 32.82}
{'index': 229, 'name': 'Share-BDCW', 'unit_price': 31.46, 'pourcent': 33.81}
{'index': 230, 'name': 'Share-KFMH', 'unit_price': 31.05, 'pourcent': 32.89}
{'index': 231, 'name': 'Share-DHIE', 'unit_price': 11.03, 'pourcent': 20.59}
{'index': 232, 'name': 'Share-SBXE', 'unit_price': 43.11, 'pourcent': 17.99}
{'index': 233, 'name': 'Share-ZVCC', 'unit_price': 18.35, 'pourcent': 20.42}
{'index': 234, 'name': 'Share-AAXN', 'unit_price': 33.88, 'pourcent': 2.54}
{'index': 235, 'name': 'Share-CXYC', 'unit_price': 8.5, 'pourcent': 35.73}
{'index': 236, 'name': 'Share-UMKL', 'unit_price': 20.68, 'pourcent': 3.83}
{'index': 237, 'name': 'Share-SODF', 'unit_price': 18.72, 'pourcent': 34.15}
{'index': 238, 'name': 'Share-VUMM', 'unit_price': 36.71, 'pourcent': 38.31}
{'index': 239, 'name': 'Share-EOMZ', 'unit_price': 38.0, 'pourcent': 17.61}
{'index': 240, 'name': 'Share-QVUJ', 'unit_price': 47.27, 'pourcent': 7.18}
{'index': 241, 'name': 'Share-MNKR', 'unit_price': 28.36, 'pourcent': 24.82}
{'index': 242, 'name': 'Share-GIXZ', 'unit_price': 17.23, 'pourcent': 35.66}
{'index': 243, 'name': 'Share-LKSD', 'unit_price': 0.12, 'pourcent': 9.14}
{'index': 244, 'name': 'Share-NFTL', 'unit_price': 26.08, 'pourcent': 19.3}
{'index': 245, 'name': 'Share-EOEN', 'unit_price': 11.96, 'pourcent': 27.67}
{'index': 246, 'name': 'Share-KQPV', 'unit_price': 15.27, 'pourcent': 16.5}
{'index': 247, 'name': 'Share-EGHA', 'unit_price': 27.27, 'pourcent': 9.71}
{'index': 248, 'name': 'Share-NESS', 'unit_price': 37.52, 'pourcent': 15.65}
{'index': 249, 'name': 'Share-TBCK', 'unit_price': 23.36, 'pourcent': 0.49}
{'index': 250, 'name': 'Share-UDRD', 'unit_price': 36.88, 'pourcent': 19.92}
{'index': 251, 'name': 'Share-VNUT', 'unit_price': 30.18, 'pourcent': 10.88}
{'index': 252, 'name': 'Share-CTBT', 'unit_price': 22.53, 'pourcent': 1.52}
{'index': 253, 'name': 'Share-TVSH', 'unit_price': 19.74, 'pourcent': 28.08}
{'index': 254, 'name': 'Share-HQHI', 'unit_price': 36.56, 'pourcent': 22.24}
{'index': 255, 'name': 'Share-XLSC', 'unit_price': 32.49, 'pourcent': 7.65}
{'index': 256, 'name': 'Share-CQPJ', 'unit_price': 24.73, 'pourcent': 12.06}
{'index': 257, 'name': 'Share-OBUD', 'unit_price': 30.74, 'pourcent': 20.69}
{'index': 258, 'name': 'Share-CLOD', 'unit_price': 28.0, 'pourcent': 11.79}
{'index': 259, 'name': 'Share-QPDS', 'unit_price': 19.19, 'pourcent': 22.79}
{'index': 260, 'name': 'Share-USPX', 'unit_price': 20.7, 'pourcent': 11.1}
{'index': 261, 'name': 'Share-TMRA', 'unit_price': 17.72, 'pourcent': 34.66}
{'index': 262, 'name': 'Share-GGCX', 'unit_price': 26.26, 'pourcent': 27.5}
{'index': 263, 'name': 'Share-FAKH', 'unit_price': 7.65, 'pourcent': 38.46}
{'index': 264, 'name': 'Share-LJDZ', 'unit_price': 25.25, 'pourcent': 32.47}
{'index': 265, 'name': 'Share-MZLD', 'unit_price': 14.98, 'pourcent': 36.62}
{'index': 266, 'name': 'Share-EAWS', 'unit_price': 6.23, 'pourcent': 7.33}
{'index': 267, 'name': 'Share-HPWH', 'unit_price': 26.76, 'pourcent': 33.57}
{'index': 268, 'name': 'Share-GWLR', 'unit_price': 44.0, 'pourcent': 9.48}
{'index': 269, 'name': 'Share-OMTW', 'unit_price': 29.62, 'pourcent': 1.32}
{'index': 270, 'name': 'Share-UBFI', 'unit_price': 25.59, 'pourcent': 30.77}
{'index': 271, 'name': 'Share-CWXW', 'unit_price': 32.49, 'pourcent': 13.9}
{'index': 272, 'name': 'Share-KVRJ', 'unit_price': 21.03, 'pourcent': 21.91}
{'index': 273, 'name': 'Share-AXQS', 'unit_price': 30.59, 'pourcent': 14.59}
{'index': 274, 'name': 'Share-OZPK', 'unit_price': 27.29, 'pourcent': 14.02}
{'index': 275, 'name': 'Share-GLFG', 'unit_price': 8.52, 'pourcent': 5.8}
{'index': 276, 'name': 'Share-NDSA', 'unit_price': 27.98, 'pourcent': 23.29}
{'index': 277, 'name': 'Share-HPAE', 'unit_price': 33.19, 'pourcent': 23.93}
{'index': 278, 'name': 'Share-SURL', 'unit_price': 40.57, 'pourcent': 7.72}
{'index': 279, 'name': 'Share-PILL', 'unit_price': 15.36, 'pourcent': 31.89}
{'index': 280, 'name': 'Share-YBHP', 'unit_price': 9.53, 'pourcent': 10.79}
{'index': 281, 'name': 'Share-LDUX', 'unit_price': 33.71, 'pourcent': 27.64}
{'index': 282, 'name': 'Share-IGRU', 'unit_price': 29.73, 'pourcent': 9.99}
{'index': 283, 'name': 'Share-KMHQ', 'unit_price': 21.2, 'pourcent': 36.69}
{'index': 284, 'name': 'Share-XYXF', 'unit_price': 33.13, 'pourcent': 5.71}
{'index': 285, 'name': 'Share-BCMT', 'unit_price': 30.0, 'pourcent': 34.45}
{'index': 286, 'name': 'Share-YPVN', 'unit_price': 30.02, 'pourcent': 34.97}
{'index': 287, 'name': 'Share-EURX', 'unit_price': 22.82, 'pourcent': 15.03}
{'index': 288, 'name': 'Share-UNGP', 'unit_price': 32.88, 'pourcent': 33.2}
{'index': 289, 'name': 'Share-GWPH', 'unit_price': 11.62, 'pourcent': 12.27}
{'index': 290, 'name': 'Share-NGBD', 'unit_price': 20.12, 'pourcent': 7.99}
{'index': 291, 'name': 'Share-OZRS', 'unit_price': 20.76, 'pourcent': 22.39}
{'index': 292, 'name': 'Share-YFTA', 'unit_price': 39.77, 'pourcent': 32.82}
{'index': 293, 'name': 'Share-XDKC', 'unit_price': 44.74, 'pourcent': 20.55}
{'index': 294, 'name': 'Share-EPTK', 'unit_price': 20.35, 'pourcent': 35.89}
{'index': 295, 'name': 'Share-BTJG', 'unit_price': 29.58, 'pourcent': 3.74}
{'index': 296, 'name': 'Share-GITY', 'unit_price': 17.03, 'pourcent': 20.1}
{'index': 297, 'name': 'Share-SWNS', 'unit_price': 14.79, 'pourcent': 2.14}
{'index': 298, 'name': 'Share-BKDR', 'unit_price': 16.33, 'pourcent': 0.69}
{'index': 299, 'name': 'Share-CIGZ', 'unit_price': 33.17, 'pourcent': 3.62}
{'index': 300, 'name': 'Share-FEWX', 'unit_price': 10.94, 'pourcent': 12.14}
{'index': 301, 'name': 'Share-HNRK', 'unit_price': 24.64, 'pourcent': 6.33}
{'index': 302, 'name': 'Share-DMCN', 'unit_price': 25.31, 'pourcent': 22.47}
{'index': 303, 'name': 'Share-NTHP', 'unit_price': 8.91, 'pourcent': 6.32}
{'index': 304, 'name': 'Share-URZP', 'unit_price': 39.54, 'pourcent': 14.98}
{'index': 305, 'name': 'Share-KPDP', 'unit_price': 18.73, 'pourcent': 5.06}
{'index': 306, 'name': 'Share-PQAL', 'unit_price': 25.73, 'pourcent': 1.07}
{'index': 307, 'name': 'Share-FCHD', 'unit_price': 12.39, 'pourcent': 38.28}
{'index': 308, 'name': 'Share-GEDB', 'unit_price': 28.1, 'pourcent': 26.53}
{'index': 309, 'name': 'Share-NJGR', 'unit_price': 20.98, 'pourcent': 0.68}
{'index': 310, 'name': 'Share-DGVO', 'unit_price': 15.59, 'pourcent': 17.89}
{'index': 311, 'name': 'Share-XNVJ', 'unit_price': 31.33, 'pourcent': 23.64}
{'index': 312, 'name': 'Share-VVYP', 'unit_price': 11.07, 'pourcent': 36.92}
{'index': 313, 'name': 'Share-BIIT', 'unit_price': 20.36, 'pourcent': 26.27}
{'index': 314, 'name': 'Share-LOFX', 'unit_price': 42.54, 'pourcent': 15.0}
{'index': 315, 'name': 'Share-JWGF', 'unit_price': 48.69, 'pourcent': 39.93}
{'index': 316, 'name': 'Share-EVAU', 'unit_price': 37.92, 'pourcent': 29.57}
{'index': 317, 'name': 'Share-ALIY', 'unit_price': 29.08, 'pourcent': 39.93}
{'index': 318, 'name': 'Share-ACFX', 'unit_price': 29.75, 'pourcent': 10.99}
{'index': 319, 'name': 'Share-PBUC', 'unit_price': 26.13, 'pourcent': 34.12}
{'index': 320, 'name': 'Share-FNQA', 'unit_price': 23.96, 'pourcent': 17.82}
{'index': 321, 'name': 'Share-TCEJ', 'unit_price': 29.47, 'pourcent': 9.0}
{'index': 322, 'name': 'Share-LOGV', 'unit_price': 31.01, 'pourcent': 18.26}
{'index': 323, 'name': 'Share-ALUE', 'unit_price': 38.3, 'pourcent': 8.36}
{'index': 324, 'name': 'Share-KPBW', 'unit_price': 8.23, 'pourcent': 37.21}
{'index': 325, 'name': 'Share-NDKR', 'unit_price': 33.06, 'pourcent': 39.91}
{'index': 326, 'name': 'Share-QEVK', 'unit_price': 49.77, 'pourcent': 34.38}
{'index': 327, 'name': 'Share-VAXN', 'unit_price': 15.74, 'pourcent': 8.35}
{'index': 328, 'name': 'Share-PXQN', 'unit_price': 13.75, 'pourcent': 11.84}
{'index': 329, 'name': 'Share-CBYJ', 'unit_price': 27.41, 'pourcent': 36.2}
{'index': 330, 'name': 'Share-JMAE', 'unit_price': 45.33, 'pourcent': 0.28}
{'index': 331, 'name': 'Share-HIRE', 'unit_price': 13.62, 'pourcent': 21.12}
{'index': 332, 'name': 'Share-VCXT', 'unit_price': 29.19, 'pourcent': 39.22}
{'index': 333, 'name': 'Share-FJKT', 'unit_price': 22.65, 'pourcent': 6.24}
{'index': 334, 'name': 'Share-NAFI', 'unit_price': 34.41, 'pourcent': 35.83}
{'index': 335, 'name': 'Share-ZQUC', 'unit_price': 30.29, 'pourcent': 35.03}
{'index': 336, 'name': 'Share-CGKF', 'unit_price': 20.76, 'pourcent': 2.46}
{'index': 337, 'name': 'Share-LVOE', 'unit_price': 28.7, 'pourcent': 26.27}
{'index': 338, 'name': 'Share-IZLJ', 'unit_price': 23.02, 'pourcent': 32.68}
{'index': 339, 'name': 'Share-HQJQ', 'unit_price': 22.69, 'pourcent': 12.69}
{'index': 340, 'name': 'Share-GUFP', 'unit_price': 32.2, 'pourcent': 14.84}
{'index': 341, 'name': 'Share-MJMB', 'unit_price': 20.69, 'pourcent': 20.21}
{'index': 342, 'name': 'Share-RREX', 'unit_price': 23.07, 'pourcent': 14.11}
{'index': 343, 'name': 'Share-ESIQ', 'unit_price': 44.85, 'pourcent': 25.26}
{'index': 344, 'name': 'Share-XVSR', 'unit_price': 30.95, 'pourcent': 9.25}
{'index': 345, 'name': 'Share-XRFP', 'unit_price': 26.61, 'pourcent': 35.9}
{'index': 346, 'name': 'Share-XLLI', 'unit_price': 23.39, 'pourcent': 11.63}
{'index': 347, 'name': 'Share-TOTF', 'unit_price': 40.06, 'pourcent': 12.0}
{'index': 348, 'name': 'Share-NISD', 'unit_price': 18.07, 'pourcent': 31.08}
{'index': 349, 'name': 'Share-XFGQ', 'unit_price': 22.82, 'pourcent': 19.38}
{'index': 350, 'name': 'Share-XDSF', 'unit_price': 12.76, 'pourcent': 18.05}
{'index': 351, 'name': 'Share-ITCO', 'unit_price': 29.87, 'pourcent': 1.51}
{'index': 352, 'name': 'Share-LLKD', 'unit_price': 17.55, 'pourcent': 22.73}
{'index': 353, 'name': 'Share-IBKM', 'unit_price': 27.23, 'pourcent': 18.08}
{'index': 354, 'name': 'Share-FUGM', 'unit_price': 1.94, 'pourcent': 16.83}
{'index': 355, 'name': 'Share-TQDR', 'unit_price': 37.53, 'pourcent': 1.63}
{'index': 356, 'name': 'Share-QHPB', 'unit_price': 20.77, 'pourcent': 27.74}
{'index': 357, 'name': 'Share-AQXM', 'unit_price': 11.88, 'pourcent': 16.22}
{'index': 358, 'name': 'Share-VRJZ', 'unit_price': 31.83, 'pourcent': 34.86}
{'index': 359, 'name': 'Share-SMRB', 'unit_price': 8.06, 'pourcent': 2.49}
{'index': 360, 'name': 'Share-YHVQ', 'unit_price': 22.37, 'pourcent': 33.39}
{'index': 361, 'name': 'Share-QBIL', 'unit_price': 28.52, 'pourcent': 25.41}
{'index': 362, 'name': 'Share-JMLZ', 'unit_price': 1.27, 'pourcent': 24.71}
{'index': 363, 'name': 'Share-ZLMC', 'unit_price': 2.47, 'pourcent': 31.45}
{'index': 364, 'name': 'Share-GXBP', 'unit_price': 25.96, 'pourcent': 1.12}
{'index': 365, 'name': 'Share-HHSE', 'unit_price': 16.28, 'pourcent': 24.55}
{'index': 366, 'name': 'Share-UWVI', 'unit_price': 23.16, 'pourcent': 8.75}
{'index': 367, 'name': 'Share-ZBIH', 'unit_price': 40.67, 'pourcent': 3.46}
{'index': 368, 'name': 'Share-DQXJ', 'unit_price': 7.64, 'pourcent': 25.63}
{'index': 369, 'name': 'Share-SCWM', 'unit_price': 6.42, 'pourcent': 38.1}
{'index': 370, 'name': 'Share-UVXN', 'unit_price': 24.18, 'pourcent': 0.33}
{'index': 371, 'name': 'Share-ZKOZ', 'unit_price': 13.65, 'pourcent': 26.62}
{'index': 372, 'name': 'Share-KOVS', 'unit_price': 3.3, 'pourcent': 15.43}
{'index': 373, 'name': 'Share-OZDD', 'unit_price': 34.74, 'pourcent': 10.7}
{'index': 374, 'name': 'Share-GIUG', 'unit_price': 36.74, 'pourcent': 4.23}
{'index': 375, 'name': 'Share-ZPEC', 'unit_price': 43.95, 'pourcent': 18.73}
{'index': 376, 'name': 'Share-WKQC', 'unit_price': 30.58, 'pourcent': 34.92}
{'index': 377, 'name': 'Share-LLWI', 'unit_price': 31.8, 'pourcent': 5.58}
{'index': 378, 'name': 'Share-EAWG', 'unit_price': 38.02, 'pourcent': 8.44}
{'index': 379, 'name': 'Share-JAQD', 'unit_price': 26.78, 'pourcent': 15.0}
{'index': 380, 'name': 'Share-PUWS', 'unit_price': 17.8, 'pourcent': 23.49}
{'index': 381, 'name': 'Share-XHGB', 'unit_price': 24.98, 'pourcent': 18.98}
{'index': 382, 'name': 'Share-OEYT', 'unit_price': 14.92, 'pourcent': 32.1}
{'index': 383, 'name': 'Share-XLYG', 'unit_price': 31.06, 'pourcent': 35.2}
{'index': 384, 'name': 'Share-LNWD', 'unit_price': 13.78, 'pourcent': 25.51}
{'index': 385, 'name': 'Share-SKXD', 'unit_price': 26.23, 'pourcent': 15.46}
{'index': 386, 'name': 'Share-RLIR', 'unit_price': 31.33, 'pourcent': 20.04}
{'index': 387, 'name': 'Share-EFFN', 'unit_price': 32.25, 'pourcent': 22.14}
{'index': 388, 'name': 'Share-OIWF', 'unit_price': 29.45, 'pourcent': 1.83}
{'index': 389, 'name': 'Share-ESBR', 'unit_price': 18.89, 'pourcent': 7.94}
{'index': 390, 'name': 'Share-DFGJ', 'unit_price': 40.44, 'pourcent': 32.69}
{'index': 391, 'name': 'Share-REWP', 'unit_price': 8.72, 'pourcent': 12.66}
{'index': 392, 'name': 'Share-IZZC', 'unit_price': 22.24, 'pourcent': 37.96}
{'index': 393, 'name': 'Share-NJZA', 'unit_price': 23.18, 'pourcent': 7.02}
{'index': 394, 'name': 'Share-JXIT', 'unit_price': 33.18, 'pourcent': 21.21}
{'index': 395, 'name': 'Share-YLSV', 'unit_price': 33.17, 'pourcent': 7.01}
{'index': 396, 'name': 'Share-VGTY', 'unit_price': 16.36, 'pourcent': 2.89}
{'index': 397, 'name': 'Share-PATS', 'unit_price': 27.7, 'pourcent': 39.97}
{'index': 398, 'name': 'Share-KREV', 'unit_price': 34.5, 'pourcent': 13.81}
{'index': 399, 'name': 'Share-QSRS', 'unit_price': 33.12, 'pourcent': 8.59}
{'index': 400, 'name': 'Share-DLCU', 'unit_price': 47.31, 'pourcent': 12.86}
{'index': 401, 'name': 'Share-OXEG', 'unit_price': 19.68, 'pourcent': 28.61}
{'index': 402, 'name': 'Share-STKC', 'unit_price': 37.31, 'pourcent': 31.26}
{'index': 403, 'name': 'Share-UUAX', 'unit_price': 35.36, 'pourcent': 22.05}
{'index': 404, 'name': 'Share-DBOZ', 'unit_price': 15.35, 'pourcent': 1.26}
{'index': 405, 'name': 'Share-FWMV', 'unit_price': 41.68, 'pourcent': 35.8}
{'index': 406, 'name': 'Share-NEBB', 'unit_price': 30.52, 'pourcent': 2.05}
{'index': 407, 'name': 'Share-GNHL', 'unit_price': 10.94, 'pourcent': 12.59}
{'index': 408, 'name': 'Share-HLRR', 'unit_price': 12.11, 'pourcent': 20.6}
{'index': 409, 'name': 'Share-RLXE', 'unit_price': 22.5, 'pourcent': 28.06}
{'index': 410, 'name': 'Share-ASTA', 'unit_price': 40.06, 'pourcent': 24.04}
{'index': 411, 'name': 'Share-BMQQ', 'unit_price': 27.67, 'pourcent': 22.5}
{'index': 412, 'name': 'Share-CDME', 'unit_price': 24.47, 'pourcent': 22.92}
{'index': 413, 'name': 'Share-PDIM', 'unit_price': 32.37, 'pourcent': 26.89}
{'index': 414, 'name': 'Share-EBSL', 'unit_price': 29.67, 'pourcent': 34.32}
{'index': 415, 'name': 'Share-BQOC', 'unit_price': 32.45, 'pourcent': 31.1}
{'index': 416, 'name': 'Share-BKIO', 'unit_price': 34.74, 'pourcent': 35.5}
{'index': 417, 'name': 'Share-QVJV', 'unit_price': 7.85, 'pourcent': 5.5}
{'index': 418, 'name': 'Share-KOIS', 'unit_price': 29.14, 'pourcent': 5.06}
{'index': 419, 'name': 'Share-GFHS', 'unit_price': 25.33, 'pourcent': 34.07}
{'index': 420, 'name': 'Share-EWAK', 'unit_price': 31.03, 'pourcent': 5.49}
{'index': 421, 'name': 'Share-PSMF', 'unit_price': 33.45, 'pourcent': 38.87}
{'index': 422, 'name': 'Share-JHVS', 'unit_price': 24.24, 'pourcent': 32.28}
{'index': 423, 'name': 'Share-HLNE', 'unit_price': 18.42, 'pourcent': 10.04}
{'index': 424, 'name': 'Share-JKQV', 'unit_price': 18.53, 'pourcent': 19.69}
{'index': 425, 'name': 'Share-JHKE', 'unit_price': 16.19, 'pourcent': 29.24}
{'index': 426, 'name': 'Share-LAIC', 'unit_price': 8.57, 'pourcent': 28.37}
{'index': 427, 'name': 'Share-NXID', 'unit_price': 27.88, 'pourcent': 29.03}
{'index': 428, 'name': 'Share-ZXMU', 'unit_price': 26.21, 'pourcent': 14.2}
{'index': 429, 'name': 'Share-TQKI', 'unit_price': 34.66, 'pourcent': 25.26}
{'index': 430, 'name': 'Share-HPXC', 'unit_price': 45.39, 'pourcent': 3.21}
{'index': 431, 'name': 'Share-UXKW', 'unit_price': 43.27, 'pourcent': 28.74}
{'index': 432, 'name': 'Share-FEST', 'unit_price': 18.96, 'pourcent': 2.42}
{'index': 433, 'name': 'Share-UMVN', 'unit_price': 27.94, 'pourcent': 3.66}
{'index': 434, 'name': 'Share-SWAT', 'unit_price': 11.67, 'pourcent': 13.77}
{'index': 435, 'name': 'Share-ANFX', 'unit_price': 38.55, 'pourcent': 39.72}
{'index': 436, 'name': 'Share-SQKE', 'unit_price': 29.48, 'pourcent': 8.99}
{'index': 437, 'name': 'Share-BNSD', 'unit_price': 12.78, 'pourcent': 0.55}
{'index': 438, 'name': 'Share-XFCI', 'unit_price': 30.31, 'pourcent': 30.65}
{'index': 439, 'name': 'Share-SMHV', 'unit_price': 14.66, 'pourcent': 12.77}
{'index': 440, 'name': 'Share-VWZM', 'unit_price': 40.41, 'pourcent': 36.2}
{'index': 441, 'name': 'Share-XFFR', 'unit_price': 21.73, 'pourcent': 4.99}
{'index': 442, 'name': 'Share-ZXET', 'unit_price': 17.97, 'pourcent': 2.95}
{'index': 443, 'name': 'Share-FOAV', 'unit_price': 26.17, 'pourcent': 23.59}
{'index': 444, 'name': 'Share-QPVO', 'unit_price': 18.34, 'pourcent': 9.03}
{'index': 445, 'name': 'Share-MASZ', 'unit_price': 31.51, 'pourcent': 4.55}
{'index': 446, 'name': 'Share-FVRD', 'unit_price': 34.27, 'pourcent': 8.38}
{'index': 447, 'name': 'Share-MJYL', 'unit_price': 29.91, 'pourcent': 9.18}
{'index': 448, 'name': 'Share-UYFV', 'unit_price': 33.3, 'pourcent': 26.4}
{'index': 449, 'name': 'Share-DOVC', 'unit_price': 10.62, 'pourcent': 8.12}
{'index': 450, 'name': 'Share-NFLQ', 'unit_price': 25.89, 'pourcent': 34.78}
{'index': 451, 'name': 'Share-BDKN', 'unit_price': 22.79, 'pourcent': 4.7}
{'index': 452, 'name': 'Share-OPBR', 'unit_price': 39.0, 'pourcent': 38.95}
{'index': 453, 'name': 'Share-ZAWK', 'unit_price': 26.43, 'pourcent': 31.99}
{'index': 454, 'name': 'Share-JLUZ', 'unit_price': 34.32, 'pourcent': 18.67}
{'index': 455, 'name': 'Share-BZHY', 'unit_price': 24.22, 'pourcent': 1.75}
{'index': 456, 'name': 'Share-TRGC', 'unit_price': 16.95, 'pourcent': 21.53}
{'index': 457, 'name': 'Share-LZXM', 'unit_price': 26.4, 'pourcent': 11.74}
{'index': 458, 'name': 'Share-EUFT', 'unit_price': 25.4, 'pourcent': 7.13}
{'index': 459, 'name': 'Share-BWCG', 'unit_price': 13.29, 'pourcent': 12.28}
{'index': 460, 'name': 'Share-VGBO', 'unit_price': 23.61, 'pourcent': 28.19}
{'index': 461, 'name': 'Share-MXQF', 'unit_price': 42.13, 'pourcent': 15.05}
{'index': 462, 'name': 'Share-JCWZ', 'unit_price': 3.86, 'pourcent': 8.13}
{'index': 463, 'name': 'Share-HKOT', 'unit_price': 25.39, 'pourcent': 3.46}
{'index': 464, 'name': 'Share-WHVN', 'unit_price': 13.23, 'pourcent': 14.31}
{'index': 465, 'name': 'Share-MBCK', 'unit_price': 41.85, 'pourcent': 12.01}
{'index': 466, 'name': 'Share-MVUM', 'unit_price': 19.16, 'pourcent': 23.4}
{'index': 467, 'name': 'Share-LJWS', 'unit_price': 17.6, 'pourcent': 29.2}
{'index': 468, 'name': 'Share-JIEN', 'unit_price': 26.04, 'pourcent': 29.03}
{'index': 469, 'name': 'Share-BIDH', 'unit_price': 23.63, 'pourcent': 7.51}
{'index': 470, 'name': 'Share-VVGN', 'unit_price': 28.79, 'pourcent': 24.61}
{'index': 471, 'name': 'Share-RWIW', 'unit_price': 8.93, 'pourcent': 18.65}
{'index': 472, 'name': 'Share-OJKC', 'unit_price': 29.15, 'pourcent': 33.19}
{'index': 473, 'name': 'Share-GMIB', 'unit_price': 24.22, 'pourcent': 11.92}
{'index': 474, 'name': 'Share-AVCY', 'unit_price': 16.83, 'pourcent': 5.57}
{'index': 475, 'name': 'Share-AIEB', 'unit_price': 27.14, 'pourcent': 7.6}
{'index': 476, 'name': 'Share-WHHK', 'unit_price': 15.17, 'pourcent': 4.1}
{'index': 477, 'name': 'Share-XHVF', 'unit_price': 29.05, 'pourcent': 25.53}
{'index': 478, 'name': 'Share-KPKI', 'unit_price': 21.32, 'pourcent': 12.42}
{'index': 479, 'name': 'Share-AOEQ', 'unit_price': 10.2, 'pourcent': 0.83}
{'index': 480, 'name': 'Share-GKDH', 'unit_price': 32.41, 'pourcent': 36.94}
{'index': 481, 'name': 'Share-KSGY', 'unit_price': 28.67, 'pourcent': 2.45}
{'index': 482, 'name': 'Share-DVFT', 'unit_price': 15.51, 'pourcent': 9.54}
{'index': 483, 'name': 'Share-QLZZ', 'unit_price': 32.15, 'pourcent': 10.56}
{'index': 484, 'name': 'Share-MOOJ', 'unit_price': 17.29, 'pourcent': 19.9}
{'index': 485, 'name': 'Share-ZKSM', 'unit_price': 32.55, 'pourcent': 23.24}
{'index': 486, 'name': 'Share-NQNX', 'unit_price': 35.78, 'pourcent': 30.98}
{'index': 487, 'name': 'Share-ZOXW', 'unit_price': 36.05, 'pourcent': 5.87}
{'index': 488, 'name': 'Share-YFVZ', 'unit_price': 22.55, 'pourcent': 39.1}
{'index': 489, 'name': 'Share-KRRA', 'unit_price': 15.28, 'pourcent': 34.9}
{'index': 490, 'name': 'Share-XJCP', 'unit_price': 50.88, 'pourcent': 4.68}
{'index': 491, 'name': 'Share-LRGQ', 'unit_price': 35.83, 'pourcent': 5.19}
{'index': 492, 'name': 'Share-ZWKX', 'unit_price': 23.65, 'pourcent': 5.62}
{'index': 493, 'name': 'Share-WNWL', 'unit_price': 26.38, 'pourcent': 35.55}
{'index': 494, 'name': 'Share-UUEZ', 'unit_price': 23.22, 'pourcent': 8.72}
{'index': 495, 'name': 'Share-XGNC', 'unit_price': 41.86, 'pourcent': 35.14}
{'index': 496, 'name': 'Share-YEIX', 'unit_price': 22.78, 'pourcent': 3.11}
{'index': 497, 'name': 'Share-FRHE', 'unit_price': 26.18, 'pourcent': 10.75}
{'index': 498, 'name': 'Share-LXZU', 'unit_price': 4.24, 'pourcent': 39.54}
{'index': 499, 'name': 'Share-PBOM', 'unit_price': 31.93, 'pourcent': 5.7}
{'index': 500, 'name': 'Share-TQMM', 'unit_price': 10.7, 'pourcent': 24.3}
{'index': 501, 'name': 'Share-MEQV', 'unit_price': 5.49, 'pourcent': 38.27}
{'index': 502, 'name': 'Share-BNIN', 'unit_price': 35.39, 'pourcent': 21.76}
{'index': 503, 'name': 'Share-SSJB', 'unit_price': 28.35, 'pourcent': 20.23}
{'index': 504, 'name': 'Share-YRAH', 'unit_price': 37.34, 'pourcent': 33.01}
{'index': 505, 'name': 'Share-USJZ', 'unit_price': 35.49, 'pourcent': 34.37}
{'index': 506, 'name': 'Share-QTFR', 'unit_price': 5.91, 'pourcent': 3.23}
{'index': 507, 'name': 'Share-DEPW', 'unit_price': 2.3, 'pourcent': 10.47}
{'index': 508, 'name': 'Share-LOMD', 'unit_price': 18.96, 'pourcent': 10.14}
{'index': 509, 'name': 'Share-MALJ', 'unit_price': 46.37, 'pourcent': 32.88}
{'index': 510, 'name': 'Share-JKFA', 'unit_price': 29.51, 'pourcent': 1.92}
{'index': 511, 'name': 'Share-IAAD', 'unit_price': 36.66, 'pourcent': 0.54}
{'index': 512, 'name': 'Share-PSAO', 'unit_price': 24.82, 'pourcent': 25.86}
{'index': 513, 'name': 'Share-JWDZ', 'unit_price': 2.09, 'pourcent': 32.2}
{'index': 514, 'name': 'Share-QRFQ', 'unit_price': 17.34, 'pourcent': 0.74}
{'index': 515, 'name': 'Share-OUKR', 'unit_price': 40.23, 'pourcent': 8.29}
{'index': 516, 'name': 'Share-QWCV', 'unit_price': 33.57, 'pourcent': 17.11}
{'index': 517, 'name': 'Share-QLWT', 'unit_price': 37.63, 'pourcent': 38.27}
{'index': 518, 'name': 'Share-ZOEN', 'unit_price': 33.47, 'pourcent': 2.42}
{'index': 519, 'name': 'Share-TEKS', 'unit_price': 19.17, 'pourcent': 0.15}
{'index': 520, 'name': 'Share-LTYL', 'unit_price': 39.96, 'pourcent': 32.04}
{'index': 521, 'name': 'Share-UABE', 'unit_price': 43.23, 'pourcent': 28.73}
{'index': 522, 'name': 'Share-PLLK', 'unit_price': 19.94, 'pourcent': 39.91}
{'index': 523, 'name': 'Share-POQJ', 'unit_price': 39.65, 'pourcent': 10.93}
{'index': 524, 'name': 'Share-ZOFA', 'unit_price': 25.32, 'pourcent': 39.78}
{'index': 525, 'name': 'Share-FZJS', 'unit_price': 21.49, 'pourcent': 31.57}
{'index': 526, 'name': 'Share-FWBE', 'unit_price': 18.31, 'pourcent': 39.82}
{'index': 527, 'name': 'Share-RGUQ', 'unit_price': 47.79, 'pourcent': 18.47}
{'index': 528, 'name': 'Share-EIZB', 'unit_price': 28.17, 'pourcent': 0.91}
{'index': 529, 'name': 'Share-JSMQ', 'unit_price': 29.86, 'pourcent': 7.55}
{'index': 530, 'name': 'Share-IRUN', 'unit_price': 20.34, 'pourcent': 21.38}
{'index': 531, 'name': 'Share-MBQU', 'unit_price': 51.46, 'pourcent': 35.78}
{'index': 532, 'name': 'Share-ZGFP', 'unit_price': 11.69, 'pourcent': 31.0}
{'index': 533, 'name': 'Share-IXCI', 'unit_price': 26.32, 'pourcent': 39.4}
{'index': 534, 'name': 'Share-JSJH', 'unit_price': 28.84, 'pourcent': 34.45}
{'index': 535, 'name': 'Share-ICHU', 'unit_price': 28.94, 'pourcent': 11.52}
{'index': 536, 'name': 'Share-GYES', 'unit_price': 12.71, 'pourcent': 25.9}
{'index': 537, 'name': 'Share-ECAQ', 'unit_price': 31.66, 'pourcent': 39.49}
{'index': 538, 'name': 'Share-NDMH', 'unit_price': 23.12, 'pourcent': 19.79}
